storeId,storeName,storeAddress
1,Hilll Inc,84293 Blue Bill Park Alley
2,Bailey, McKenzie and Wintheiser,302 Lighthouse Bay Terrace
3,Langworth-Hessel,23209 Golf Course Circle
4,Turcotte LLC,348 Rigney Crossing
5,Strosin Inc,55 Burrows Way
6,Wyman Inc,9 Dennis Center
7,Turner, Leffler and Feest,0 Meadow Ridge Avenue
8,Osinski, Herzog and Wehner,26 Washington Drive
9,Bosco, Hyatt and Gleichner,11 Twin Pines Junction
10,Windler, Emard and Leannon,8224 Veith Pass
11,Orn-Wolff,387 Ohio Crossing
12,Feil and Sons,50710 Towne Terrace
13,Funk, Emmerich and Schoen,949 Everett Crossing
14,Hoppe-Quitzon,80 Del Mar Plaza
15,Volkman-Kling,2 Mccormick Circle
16,Durgan Group,077 David Hill
17,Veum Group,425 Bashford Place
18,Schuppe, Gleason and Harvey,62 Duke Circle
19,Corkery-Tillman,66116 Merrick Trail
20,Kohler-Moore,743 Marcy Center
21,Hahn LLC,7 Ruskin Junction
22,Bernier-Leannon,3 Bellgrove Drive
23,Effertz Group,8259 Porter Center
24,Schiller, Oberbrunner and Turcotte,723 Logan Alley
25,Von, Conn and Padberg,8 Vera Court
26,Bailey-Swaniawski,3 Eastlawn Junction
27,Goyette-Brekke,99493 Toban Way
28,Gleason, Streich and Turner,1 International Avenue
29,Padberg, Gusikowski and Lang,6408 Forster Road
30,Bogan, Walsh and Murray,98207 Gina Junction
31,Rolfson Group,8081 Scott Point
32,Strosin, Upton and Huels,09 High Crossing Circle
33,Koch, Altenwerth and Bechtelar,01519 Logan Road
34,Tillman Inc,0418 Dorton Terrace
35,Lakin LLC,4051 Washington Avenue
36,Hahn, Toy and Yundt,5377 Ramsey Place
37,Quitzon, Feeney and Pollich,40 Butternut Trail
38,Bode LLC,34 Cordelia Avenue
39,Howe-Waters,31439 Monterey Alley
40,Kozey LLC,51 Golden Leaf Way
41,Borer, Kreiger and Swaniawski,4 Carioca Circle
42,Kassulke-Terry,8 Graedel Crossing
43,Bahringer, Bartell and Stoltenberg,24 Mayfield Way
44,Feil-Lueilwitz,7251 Coleman Road
45,Corkery-Kutch,592 Gulseth Plaza
46,Bergnaum, Rice and Baumbach,4115 Lien Crossing
47,Kirlin, Hand and Kris,02 Melby Place
48,Stokes-Tromp,79552 Loomis Lane
49,Hane, Powlowski and Hammes,6 Bluestem Crossing
50,Walsh-Halvorson,69430 Petterle Circle
51,Wolff Group,9317 Canary Junction
52,Corwin Inc,63785 Crest Line Pass
53,Terry Group,13 Sundown Court
54,Romaguera, Kling and Hartmann,55 Cody Hill
55,Adams Inc,90 Dovetail Way
56,Kuhn, Jaskolski and Volkman,1107 Fairview Plaza
57,Rippin-Moore,4130 Beilfuss Trail
58,Fritsch Group,68 Sugar Park
59,Nader, Bosco and Beatty,266 David Park
60,Bode LLC,4 Lake View Street
61,Bosco-Roberts,67 Lakewood Street
62,Gleason and Sons,31851 Rieder Circle
63,Hoeger, Mills and Hauck,9997 Hagan Terrace
64,Hirthe, Funk and Leffler,01334 Bellgrove Pass
65,Goldner LLC,79 Doe Crossing Parkway
66,Bernier-Ruecker,14990 Dapin Park
67,O'Connell, Wolff and Lebsack,3260 Arrowood Court
68,Wiegand-Schmeler,098 Hoard Hill
69,Nicolas-Kessler,97740 Cottonwood Pass
70,Schuppe Inc,64 Birchwood Parkway
71,Stark-Kunze,87140 Bayside Park
72,Cassin, Mueller and Little,320 Basil Road
73,Murray, Balistreri and Parker,5366 Boyd Lane
74,Breitenberg Inc,405 Everett Crossing
75,Runte-Hahn,11917 Oak Point
76,Schoen-Conn,3519 Hoard Pass
77,Purdy LLC,06986 Transport Street
78,Durgan LLC,2 Londonderry Drive
79,Durgan Group,3806 Logan Street
80,Kuhn Inc,149 Hanover Trail
81,Maggio Group,96927 Chive Park
82,Abshire-Lebsack,9 Mayer Alley
83,Hoppe, Schamberger and Langosh,6 Bartelt Terrace
84,Barton-Ledner,03256 Kennedy Center
85,Harvey and Sons,171 Commercial Lane
86,Considine-Sporer,0 Eliot Parkway
87,Pagac-Zboncak,96 Prairie Rose Road
88,Hauck-Leannon,5874 Namekagon Trail
89,Pagac, Effertz and Wyman,594 Pleasure Place
90,Douglas Group,7 Weeping Birch Park
91,O'Kon, Crist and Bins,53382 Buena Vista Terrace
92,Hermann and Sons,6 Sycamore Way
93,Mayert LLC,82 Evergreen Parkway
94,Reichel-Wolff,95927 Trailsway Alley
95,Shields Inc,07111 Sullivan Point
96,Tromp, Bogan and Cormier,286 Emmet Avenue
97,Schaefer and Sons,6 Westend Junction
98,Ritchie Group,5751 Fremont Avenue
99,Shanahan Inc,23256 Graedel Pass
100,Parisian-Kovacek,835 Oakridge Circle
